classe,path,ext,kb,mtime,sha,legib,det
C · Comercial,AuroraControler/docs/Documentos Gerais/EXRS_Apresentacao_Socios.pptx,pptx,208.1,2026-07-13,f6bb6d69a71a,OK,11 slides · 5908 chars
C · Comercial,AuroraControler/docs/Documentos Gerais/EXRS_Doc_Apoio_Socios.docx,docx,14.5,2026-07-13,5ea9dfdc74ef,OK,47 par · 1 tab · 6853 chars
C · Comercial,ElysianConsult/docs/Atuais/Oticas_A_Vantagem_Injusta.docx,docx,107.8,2026-07-07,a47af1f061cb,OK,40 par · 2 tab · 5701 chars
C · Comercial,ElysianConsult/docs/Atuais/Oticas_Apresentacao_Consultoria.pptx,pptx,36.9,2026-07-09,661f1f217978,OK,9 slides · 2944 chars
C · Comercial,ElysianConsult/docs/Atuais/Oticas_Apresentacao_Texto.docx,docx,12.0,2026-07-09,706bc6ec40aa,OK,26 par · 0 tab · 5092 chars
C · Comercial,ElysianConsult/docs/Atuais/Oticas_Metodo_Linguagem_Simples.docx,docx,13.3,2026-07-09,b12be78dd545,OK,36 par · 0 tab · 7528 chars
D · Doutrina/Método,AuroraControler/docs/Documentos Gerais/Oticas_Motor_Dois_Relogios.docx,docx,103.3,2026-07-07,46180fe3d53b,OK,33 par · 2 tab · 4238 chars
D · Doutrina/Método,AuroraControler/docs/Documentos Gerais/PBM_Config_Motor_por_Frente.docx,docx,16.4,2026-07-07,ac5a00ac29f2,OK,52 par · 1 tab · 8872 chars
D · Doutrina/Método,AuroraControler/docs/Vault/sandeep-validation-fixture.md,md,4.1,2026-08-02,cb9d55f04ac7,OK,4056 chars
D · Doutrina/Método,ElysianConsult/docs/Atuais/Analise_Estrategica_Framework_Elysian.docx,docx,33.1,2026-07-06,a727f6a823cf,OK,68 par · 4 tab · 11950 chars
D · Doutrina/Método,ElysianConsult/docs/Atuais/Elysian_Consult_Sequencia_Lancamento.md,md,7.4,2026-08-11,d81484c34d4a,OK,7273 chars
D · Doutrina/Método,ElysianConsult/docs/Atuais/Modelos_Comerciais_2026.docx,docx,16.1,2026-07-07,0ad3f033d73e,OK,44 par · 2 tab · 6455 chars
D · Doutrina/Método,ElysianConsult/docs/Atuais/O_Motor_Pos_IA_Livro.md,md,16.7,2026-08-12,b93664de6a9c,OK,16565 chars
D · Doutrina/Método,ElysianConsult/docs/Atuais/Oticas_Adocao_e_Cultura.docx,docx,15.0,2026-07-07,b4ddadc907e9,OK,59 par · 1 tab · 7269 chars
D · Doutrina/Método,ElysianConsult/docs/Atuais/Oticas_Camada_Financeira_C2.docx,docx,13.0,2026-07-08,485f1d43ee63,OK,36 par · 0 tab · 4410 chars
D · Doutrina/Método,ElysianConsult/docs/Atuais/Oticas_Concentradora_Compras.docx,docx,13.8,2026-07-08,a7265ace5ed8,OK,34 par · 3 tab · 3411 chars
D · Doutrina/Método,ElysianConsult/docs/Atuais/Oticas_Playbook_Operacional_Detalhado.docx,docx,16.6,2026-07-07,accbad7d46a5,OK,79 par · 2 tab · 7679 chars
D · Doutrina/Método,ElysianConsult/docs/Atuais/Oticas_Playbook_v6_Master.docx,docx,107.9,2026-07-07,808e1a03e82b,OK,74 par · 4 tab · 9418 chars
D · Doutrina/Método,ElysianConsult/docs/Atuais/Oticas_Playbook_v9_Master.docx,docx,113.2,2026-07-08,e04571fa915b,OK,142 par · 8 tab · 14795 chars
D · Doutrina/Método,ElysianConsult/docs/Atuais/PBM_Config_Motor_por_Frente.docx,docx,16.4,2026-07-07,ac5a00ac29f2,OK,52 par · 1 tab · 8872 chars
D · Doutrina/Método,ElysianConsult/docs/Atuais/PBM_Config_Motor_por_Frente.md,md,9.8,2026-08-11,caa8a076c139,OK,9274 chars
D · Doutrina/Método,ElysianConsult/docs/Atuais/PBM_Modulo_0_Fundacao.docx,docx,192.6,2026-07-06,cdc9c22e1645,OK,73 par · 5 tab · 9277 chars
D · Doutrina/Método,ElysianConsult/docs/Atuais/PBM_Modulo_2-1_Portao_Dupla_Trilha.docx,docx,16.7,2026-07-06,42af40f4e497,OK,58 par · 5 tab · 6614 chars
D · Doutrina/Método,ElysianConsult/docs/Atuais/Roteiro_Construcao_Playbook_Master.docx,docx,18.8,2026-07-06,a9ba5e69241a,OK,64 par · 4 tab · 6999 chars
D · Doutrina/Método,ElysianConsult/docs/Historico/Playbook_Entrega_Elysian_v1.docx,docx,41.0,2026-07-06,f85d4cdf9b16,OK,170 par · 9 tab · 16038 chars
D · Doutrina/Método,ElysianConsult/docs/SSOT/Elysian_SSOT.md,md,8.9,2026-08-11,69ebf3282302,OK,8821 chars
E · Evidência,AuroraControler/docs/Vault/Gabarito_Conferencia_v3.md,md,2.7,2026-07-14,0da44bd215e5,OK,2673 chars
E · Evidência,AuroraControler/docs/Vault/Gabarito_PetShop_OCULTO.md,md,4.0,2026-07-16,7e19bb0869de,OK,3880 chars
E · Evidência,AuroraControler/docs/Vault/OS-Evidence/A1.5/gate_a151_output.txt,txt,0.1,2026-05-04,c7d1be40243e,OK,93 chars
E · Evidência,AuroraControler/docs/Vault/OS-Evidence/A1.5/gate_a152_output.txt,txt,0.1,2026-05-04,bb151ff9c2a4,OK,118 chars
E · Evidência,AuroraControler/docs/Vault/OS-Evidence/A1.5/gate_a153_output.txt,txt,0.1,2026-05-04,01839706ff6d,OK,128 chars
E · Evidência,AuroraControler/docs/Vault/OS-Evidence/A1.5/gate_a154_output.txt,txt,0.1,2026-05-04,f0904a22c445,OK,140 chars
E · Evidência,AuroraControler/docs/Vault/OS-Evidence/A1.5/gate_a155_output.txt,txt,0.1,2026-05-04,2955ef41835b,OK,108 chars
E · Evidência,AuroraControler/docs/Vault/OS-Evidence/A1.5/gate_a156_output.txt,txt,0.4,2026-05-04,8ad819947cbb,OK,445 chars
E · Evidência,AuroraControler/docs/Vault/OS-Evidence/A2.5/test_results.log,log,0.1,2026-05-04,c29a5ea231d6,OK,101 chars
E · Evidência,AuroraControler/docs/Vault/OS-Evidence/A2/test_results.log,log,0.1,2026-05-04,093c73cf7761,OK,102 chars
E · Evidência,AuroraControler/docs/Vault/OS-Evidence/OS-EXRS-A1.0-evidence.md,md,0.7,2026-05-04,16e78b0bcb38,OK,674 chars
E · Evidência,AuroraControler/docs/Vault/OS-Evidence/OS-EXRS-A1.1-evidence.md,md,0.7,2026-05-04,06a9b3de795b,OK,680 chars
E · Evidência,AuroraControler/docs/Vault/OS-Evidence/OS-EXRS-A1.2-evidence.md,md,0.7,2026-05-04,c43ab78b27ed,OK,685 chars
E · Evidência,AuroraControler/docs/Vault/OS-Evidence/OS-EXRS-A1.3-evidence.md,md,0.7,2026-05-04,ba97463a54b3,OK,651 chars
E · Evidência,AuroraControler/docs/Vault/OS-Evidence/OS-EXRS-A1.4-evidence.md,md,0.7,2026-05-04,8c4d27eaad7a,OK,690 chars
E · Evidência,AuroraControler/docs/Vault/OS-Evidence/OS-EXRS-A1.5-evidence.md,md,0.6,2026-05-04,a0ed56a8ae61,OK,579 chars
E · Evidência,AuroraControler/docs/Vault/OS-Evidence/OS-EXRS-A1.6-evidence.md,md,0.5,2026-05-04,2fd5a7b746e9,OK,537 chars
E · Evidência,AuroraControler/docs/Vault/OS-Evidence/REORGANIZACAO-DOCS-EVIDENCE-20260802.md,md,2.7,2026-08-02,edef80814563,OK,2703 chars
F · Fórmulas,ElysianConsult/docs/Atuais/Oticas_Mapa_Aplicacao_Formulas.docx,docx,13.4,2026-07-08,116ebaf7eccd,OK,15 par · 3 tab · 1066 chars
F · Fórmulas,ElysianConsult/docs/Atuais/Oticas_ParteF_Blindagem_SEV.docx,docx,12.7,2026-07-08,04be2e5a9164,OK,36 par · 0 tab · 3913 chars
F · Fórmulas,ElysianConsult/docs/Atuais/Oticas_ParteF_Score_Formula.docx,docx,16.9,2026-07-08,14341d6690b4,OK,68 par · 4 tab · 6988 chars
F · Fórmulas,ElysianConsult/docs/Atuais/Oticas_ParteF_TMI.docx,docx,13.0,2026-07-08,5fe0e623592c,OK,37 par · 0 tab · 4740 chars
I · Infra/Agente,AuroraControler/docs/Vault/Doutrina-Sandeep/capacidade-e-limites.md,md,1.1,2026-08-02,66281453cefa,OK,1100 chars
I · Infra/Agente,AuroraControler/docs/Vault/Doutrina-Sandeep/filtro-de-decisao.md,md,1.0,2026-08-02,1adeeeaece4b,OK,1009 chars
I · Infra/Agente,AuroraControler/docs/Vault/Doutrina-Sandeep/posicionamento-atual.md,md,1.0,2026-08-02,909267bc7e94,OK,1034 chars
I · Infra/Agente,AuroraControler/docs/Vault/Doutrina-Sandeep/tool-filtro-DART.md,md,2.1,2026-08-02,a00fa9215f24,OK,2115 chars
I · Infra/Agente,AuroraControler/docs/Vault/Doutrina-Sandeep/tool-filtro-EDGE.md,md,1.8,2026-08-02,d1257b7ed676,OK,1779 chars
I · Infra/Agente,AuroraControler/docs/Vault/Doutrina-Sandeep/tool-protocolo-3C.md,md,1.8,2026-08-02,4aaa70779606,OK,1753 chars
I · Infra/Agente,AuroraControler/docs/Vault/Doutrina-Sandeep/tool-scanner-ASC.md,md,1.8,2026-08-02,f216a1b41f62,OK,1841 chars
I · Infra/Agente,AuroraControler/docs/Vault/Doutrina-Sandeep/vantagem-assimetrica.md,md,1.0,2026-08-02,4ddf5e3dd6d5,OK,973 chars
I · Infra/Agente,AuroraControler/docs/Vault/EXRS_Prompt_Executive_Summary.md,md,4.2,2026-07-17,d861e501aad8,OK,4196 chars
I · Infra/Agente,AuroraControler/docs/Vault/EXRS_Prompt_Teste_v2.md,md,6.8,2026-07-13,6f2f279a9c33,OK,6682 chars
I · Infra/Agente,AuroraControler/docs/Vault/EXRS_Prompts_v3.md,md,3.3,2026-07-14,8d3d942356e5,OK,3283 chars
I · Infra/Agente,AuroraControler/docs/Vault/Prompt_Deep_Research_Modelos_Comerciais.md,md,3.5,2026-07-07,24ac99a056af,OK,3507 chars
I · Infra/Agente,AuroraControler/docs/Vault/Prompt_Teste_Cego_PetShop.md,md,3.7,2026-07-16,05bbb1d65d08,OK,3708 chars
I · Infra/Agente,AuroraControler/docs/Vault/schema-qdrant-corpus.md,md,4.4,2026-08-02,ded7adc012a5,OK,4401 chars
I · Infra/Agente,AuroraControler/docs/Vault/system-prompt-agente-sandeep-final.md,md,7.7,2026-08-02,a4f05a32823c,OK,7684 chars
I · Infra/Agente,AuroraControler/docs/Vault/system-prompt-agente-sandeep-v1.md,md,9.2,2026-08-02,b028b2563a94,OK,9143 chars
I · Infra/Agente,ElysianConsult/docs/Atuais/Prompt_Deep_Research_Modelos_Comerciais.md,md,3.6,2026-08-11,0eb6e9c83ab0,OK,3521 chars
O · Organização,AuroraControler/README.md,md,3.5,2026-07-02,4c7831d2d512,OK,3318 chars
O · Organização,AuroraControler/docs/Documentos Gerais/BACKLOG.md,md,1.5,2026-05-04,0764402cebfa,OK,1538 chars
O · Organização,AuroraControler/docs/Documentos Gerais/ESTADO_ATUAL_EXRS.md,md,2.0,2026-07-15,d8e7d417c309,OK,1959 chars
O · Organização,AuroraControler/docs/Documentos Gerais/ORGANIZACAO-DO-TRABALHO-20260802.md,md,10.7,2026-08-02,052518056ecb,OK,10540 chars
O · Organização,AuroraControler/docs/Documentos Gerais/indice_fontes.md,md,13.5,2026-08-02,40f4befade51,OK,13420 chars
O · Organização,AuroraControler/laudo_executivo/README.md,md,3.0,2026-07-20,ebd587e38e45,OK,2955 chars
O · Organização,ElysianConsult/AGENTS.md,md,1.2,2026-08-11,cff52f5f36b2,OK,1179 chars
O · Organização,ElysianConsult/README.md,md,0.4,2026-08-11,2912788b345f,OK,363 chars
O · Organização,ElysianConsult/docs/Atuais/metodologia_consolidada.md,md,15.3,2026-08-11,84115cf8005f,OK,15145 chars
P · Pesquisa externa,AuroraControler/docs/Documentos Gerais/Go Live Elysian Consult.md,md,6.9,2026-08-02,19c517b40031,OK,6870 chars
P · Pesquisa externa,ElysianConsult/docs/Atuais/Estratégia GTM para PMEs Brasileiras.md,md,62.6,2026-08-11,8b152318ebf3,OK,62879 chars
P · Pesquisa externa,ElysianConsult/docs/Atuais/Metodologias de Vendas Pós-IA.md,md,95.0,2026-08-11,10370a20c3e0,OK,94711 chars
S · Spec técnica,AuroraControler/CATALOGO_METODOS_VENDAS_v0.1.md,md,70.3,2026-07-25,a1076e08565c,OK,69114 chars
S · Spec técnica,AuroraControler/SPEC_Fase_B_Formulas_Avancadas.md,md,3.9,2026-07-20,41be405d3682,OK,3967 chars
S · Spec técnica,AuroraControler/SPEC_Fase_C_Fila_Auditoria_Manual.md,md,14.9,2026-07-20,0668b91af607,OK,14785 chars
S · Spec técnica,AuroraControler/SPEC_Fase_D2_Anexo_Vivo_e_Zero_Contradicao.md,md,15.1,2026-07-21,b57a648be99a,OK,14987 chars
S · Spec técnica,AuroraControler/SPEC_Fase_E_Fisica_da_Equipe.md,md,17.3,2026-07-20,2d5f16ab6007,OK,17133 chars
S · Spec técnica,AuroraControler/SPEC_Fase_E_Parte1_Execucao.md,md,30.2,2026-07-30,efb67eba91b6,OK,30061 chars
S · Spec técnica,AuroraControler/alvaro_corpus_correcoes_v0.1.md,md,10.9,2026-07-25,7bc716b07fc1,OK,10700 chars
S · Spec técnica,AuroraControler/docs/Vault/ARCHITECTURE.md,md,6.5,2026-07-15,130d62fe8db7,OK,6334 chars
S · Spec técnica,AuroraControler/docs/Vault/AUDITORIA-SKILL-AGENTE-SANDEEP-V8-20260803.md,md,14.7,2026-08-03,ca6d8f245df0,OK,14427 chars
S · Spec técnica,AuroraControler/docs/Vault/EXRS_Blueprint_Arquitetura.md,md,10.7,2026-07-15,6138aed14cbb,OK,9855 chars
S · Spec técnica,AuroraControler/docs/Vault/EXRS_Casos_Divergencia_OS-B.md,md,10.0,2026-07-25,83f55dfaf3d0,OK,9865 chars
S · Spec técnica,AuroraControler/docs/Vault/EXRS_Fixture_Teste_Otica_Spec.md,md,5.3,2026-07-09,4f743bfd44d3,OK,5312 chars
S · Spec técnica,AuroraControler/docs/Vault/EXRS_Prototipo_Ato2_Paradoxo_L7.html,html,7.3,2026-07-19,fb94fbdc36fd,OK,7395 chars
S · Spec técnica,AuroraControler/docs/Vault/EXRS_Prototipo_Sumario_Executivo_v4.html,html,6.7,2026-07-19,2aa573193eba,OK,6740 chars
S · Spec técnica,AuroraControler/docs/Vault/EXRS_Spec_Convergencia_Kernel_ProdutoB.md,md,5.6,2026-07-15,58e7d4b8cf2c,OK,5558 chars
S · Spec técnica,AuroraControler/docs/Vault/EXRS_Spec_Correcao_Loop.md,md,7.8,2026-07-14,73636e494e2c,OK,7703 chars
S · Spec técnica,AuroraControler/docs/Vault/EXRS_Spec_Interface_Laudo.md,md,6.4,2026-07-16,3516bf38d699,OK,6328 chars
S · Spec técnica,AuroraControler/docs/Vault/EXRS_Spec_Laudo_Executivo_v4.md,md,12.2,2026-07-19,36df89beae16,OK,12081 chars
S · Spec técnica,AuroraControler/docs/Vault/EXRS_Spec_b_Motor_Honesto.md,md,4.5,2026-07-09,412aec816e05,OK,4494 chars
S · Spec técnica,AuroraControler/docs/Vault/EXRS_Template_Laudo_Executivo_v4.html,html,22.3,2026-07-19,27f77aab778f,OK,22524 chars
S · Spec técnica,AuroraControler/docs/Vault/OS-EXRS-CRYPTO-SEAL-20260627.md,md,14.0,2026-07-02,35a7bc4d3ce9,OK,13748 chars
S · Spec técnica,AuroraControler/docs/Vault/OS-EXRS-SAAS-20260625.md,md,8.3,2026-07-02,4e1184eae008,OK,8116 chars
S · Spec técnica,AuroraControler/docs/Vault/OS-EXRS-SAAS-EVIDENCE.md,md,12.2,2026-07-02,0b8fe4bd1491,OK,11823 chars
S · Spec técnica,AuroraControler/docs/Vault/REVISAO-PLANO-CORRECAO-V8-20260803.md,md,10.3,2026-08-03,f81287e6503e,OK,10208 chars
S · Spec técnica,AuroraControler/docs/Vault/audit_data_v3.json,json,5.3,2026-07-19,7a29ed174a0f,OK,5294 chars
S · Spec técnica,AuroraControler/docs/Vault/build_laudo.py,py,7.9,2026-07-19,3a10ff48407b,OK,7952 chars
S · Spec técnica,AuroraControler/docs/Vault/os/exrs-v2-goal-loop/SPEC.md,md,9.8,2026-07-14,590763111a3b,OK,9659 chars
S · Spec técnica,AuroraControler/docs/Vault/os/fix-motor-honesto/CRITERIA.md,md,4.4,2026-07-09,daeddaa3a546,OK,4398 chars
S · Spec técnica,AuroraControler/docs/Vault/os/fix-motor-honesto/PLAN.md,md,5.5,2026-07-09,1e4ef7a0160a,OK,5468 chars
S · Spec técnica,AuroraControler/docs/superpowers/plans/2026-05-15-phase-b1-intent-capture.md,md,32.6,2026-05-15,b536233957b0,OK,32595 chars
S · Spec técnica,AuroraControler/docs/superpowers/plans/2026-05-15-phase-b2-visual-assembly.md,md,33.1,2026-05-15,f1fa5ed9eb94,OK,33253 chars
S · Spec técnica,AuroraControler/docs/superpowers/plans/2026-05-15-phase-b3-simulation-hitl.md,md,30.0,2026-07-02,daba846ae7b4,OK,29746 chars
S · Spec técnica,AuroraControler/docs/superpowers/plans/2026-05-15-tech-debt-items-4-10.md,md,17.4,2026-05-15,6bd2a5dbc65b,OK,17542 chars
S · Spec técnica,AuroraControler/docs/superpowers/plans/2026-05-16-phase-c-dashboard-generator.md,md,111.5,2026-05-16,f0d3cbd02eb5,OK,113710 chars
S · Spec técnica,AuroraControler/docs/superpowers/plans/2026-07-01-exrs-cli-local-mvp.md,md,38.6,2026-07-02,07f1dddd8985,OK,38204 chars
S · Spec técnica,AuroraControler/docs/superpowers/plans/2026-07-02-exrs-diagnose-dag.md,md,28.0,2026-07-02,1a2d1fff54dd,OK,28431 chars
S · Spec técnica,AuroraControler/docs/superpowers/plans/2026-07-17-executive-summary-backend.md,md,35.8,2026-07-19,360ab7f2e5d2,OK,35551 chars
S · Spec técnica,AuroraControler/docs/superpowers/plans/2026-07-19-insight-board-sections.md,md,51.9,2026-07-19,91b53ba69f59,OK,51449 chars
S · Spec técnica,AuroraControler/docs/superpowers/specs/2026-05-16-phase-c-dashboard-generator-design.md,md,18.8,2026-05-16,e7e982443cbe,OK,18853 chars
S · Spec técnica,AuroraControler/docs/superpowers/specs/2026-07-01-exrs-cli-local-mvp-design.md,md,6.1,2026-07-02,944e98b5f00d,OK,5956 chars
S · Spec técnica,AuroraControler/docs/superpowers/specs/2026-07-02-exrs-diagnose-dag-design.md,md,8.5,2026-07-02,54c583eba581,OK,8502 chars
S · Spec técnica,AuroraControler/docs/superpowers/specs/2026-07-06-exrs-audit-data-oracle-design.md,md,13.2,2026-07-06,3e0c9efc9d51,OK,13101 chars
S · Spec técnica,AuroraControler/docs/superpowers/specs/2026-07-06-exrs-audit-motor-honesto-design.md,md,7.8,2026-07-09,8999c45c582d,OK,7682 chars
S · Spec técnica,AuroraControler/docs/superpowers/specs/2026-07-06-exrs-audit-narrative-synthesizer-design.md,md,6.6,2026-07-06,2dd1fcf95520,OK,6610 chars
S · Spec técnica,AuroraControler/docs/superpowers/specs/2026-07-06-otica-fixture-e-achados.md,md,5.0,2026-07-09,0acfa554a2e2,OK,4954 chars
S · Spec técnica,AuroraControler/docs/superpowers/specs/2026-07-17-laudo-executive-summary-e-frontend-drilldown-design.md,md,14.9,2026-07-17,37dcfc1428cc,OK,14767 chars
S · Spec técnica,AuroraControler/laudo_executivo/EXRS_Spec_Laudo_Executivo_v4.md,md,26.1,2026-07-21,7c543281c10f,OK,25594 chars
S · Spec técnica,AuroraControler/laudo_executivo/EXRS_Template_Laudo_Executivo_v4.html,html,38.6,2026-07-21,6c01774dc637,OK,38318 chars
S · Spec técnica,AuroraControler/laudo_executivo/build_laudo.py,py,34.8,2026-08-10,8b3ab3efc8af,OK,34518 chars
S · Spec técnica,AuroraControler/laudo_executivo/enrich_audit_data.py,py,4.1,2026-07-20,02999fa0efda,OK,4022 chars
S · Spec técnica,AuroraControler/mapping.json,json,0.1,2026-07-30,fae04e1b0787,OK,83 chars
S · Spec técnica,AuroraControler/product-manifest.json,json,0.4,2026-05-04,c9b8481fd9bc,OK,409 chars
S · Spec técnica,ElysianConsult/docs/SPEC/SPEC_Sistema_Gestao_360_v1.md,md,31.7,2026-08-12,ed3fe87866bb,OK,30423 chars
S · Spec técnica,ElysianConsult/docs/SPEC/prototipo_chronos_v1.html,html,38.6,2026-08-12,ef89c5ed1609,OK,38858 chars
T · Dado/Fixture,ElysianConsult/docs/Atuais/Consultoria.xlsx,xlsx,311.7,2026-07-14,7a696936dfdb,OK,Vendas(3046x12); Clientes(508x7); Vendedores(35x3); Estoque(1189x8); Compras(1012x6); Financeiro(268x7); Gabarito(37x3)
T · Dado/Fixture,ElysianConsult/docs/Atuais/Rede_PetShop.xlsx,xlsx,241.8,2026-07-16,5f3e5c34f278,OK,Vendas(3543x12); Clientes(323x7); Vendedores(22x3); Estoque(226x8); Compras(1x6); Financeiro(181x7)
T · Dado/Fixture,ElysianConsult/docs/Historico/Consultoria_v1_baseline.xlsx,xlsx,190.6,2026-07-13,d89edbcaa225,OK,Vendas(1500x12); Clientes(241x7); Vendedores(13x3); Estoque(928x8); Compras(1012x6); Financeiro(112x7); Gabarito(12x3)
T · Dado/Fixture,ElysianConsult/docs/Historico/Consultoria_v2_baseline.xlsx,xlsx,283.1,2026-07-14,e78b7ed0e636,OK,Vendas(2625x12); Clientes(418x7); Vendedores(35x3); Estoque(1189x8); Compras(1012x6); Financeiro(268x7); Gabarito(29x3)
T · Dado/Fixture,ElysianConsult/docs/Historico/Consultoria_v3_pre_cleanup.xlsx,xlsx,303.6,2026-07-14,6f5638d82bd3,OK,Vendas(2896x12); Clientes(508x7); Vendedores(35x3); Estoque(1189x8); Compras(1012x6); Financeiro(268x7); Gabarito(36x3)
T · Dado/Fixture,ElysianConsult/docs/Historico/Rede_Oticas_Beta.xlsx,xlsx,106.4,2026-07-20,92d2c791201e,OK,Vendas(1427x12); Compras(55x5); Estoque(15x6); Clientes(261x6); Gabarito(8x3)
X · Intel competitiva,ElysianConsult/docs/Atuais/360_Oticas_Apresentacao.pdf,pdf,16815.3,2026-08-11,2bb6e0282ab7,OK,34 pág · 3690 chars
X · Intel competitiva,ElysianConsult/docs/Atuais/Método Aurora_ Estratégia e Fosso Competitivo.pdf,pdf,4808.3,2026-08-13,7e191c4a7508,ILEGIVEL,"13 pág · 79 chars extraíveis → escaneado, exige OCR visual"
X · Intel competitiva,ElysianConsult/docs/Historico/Metodo_Aurora_Transcricao_OCR.md,md,5.8,2026-08-10,ecd9cb689422,OK,5739 chars
